﻿,商品,标签
0,100g*5瓶益力多,滞销
1,145ml旺仔牛奶盒装,畅销
2,145ml旺仔牛奶罐装,滞销
3,150g健能酸奶原味,滞销
4,180ml雀巢咖啡罐装,滞销
5,205g伊利安慕希原味,滞销
6,205ml安慕希蓝莓味,滞销
7,250ML东鹏特饮,滞销
8,250ml燕塘原味酸奶,畅销
9,250ml燕塘甜牛奶,畅销
10,250ml燕塘红枣牛奶,正常
11,250ml王老吉盒装,滞销
12,250ml红牛,正常
13,250ml统一麦香奶茶,滞销
14,250ml维他原味豆奶,畅销
15,250ml维他奶低糖原味,滞销
16,250ml维他奶巧克力味,滞销
17,250ml维他奶黑豆奶饮品,滞销
18,250ml维他柠檬茶,畅销
19,250ml维他椰子味豆奶7716,滞销
20,250ml维他椰子植物蛋白饮料,滞销
21,250ml维他椰子植物蛋白饮料9374,滞销
22,250ml香满楼纯牛奶,滞销
23,268ml雀巢咖啡丝滑拿铁,正常
24,330ml伊利畅意乳酸菌原味,滞销
25,450ml美汁源果粒橙,滞销
26,480ml小茗同学冷泡溜溜哒茶,滞销
27,480ml小茗同学冷泡青柠红茶,滞销
28,500ML宝矿力,滞销
29,500ml农夫果园 (芒果+菠萝+番石榴),滞销
30,500ml加多宝,滞销
31,500ml康师傅冰糖雪梨,滞销
32,500ml恒大冰泉矿泉水,滞销
33,500ml统一冰糖雪梨,滞销
34,500ml统一阿萨姆奶茶,滞销
35,500ml营养快线原味,滞销
36,600ml可口可乐,正常
37,600ml脉动青柠,滞销
38,600ml雪碧,滞销
39,80g香飘飘椰果奶茶原味,滞销
40,80g香飘飘椰果奶茶麦香味,滞销
41,东鹏特饮,畅销
42,乐虎,滞销
43,乐虎（380ml）,滞销
44,伊利优酸乳,畅销
45,伊利纯牛奶,畅销
46,健能酸奶,滞销
47,农夫果园,滞销
48,冰糖雪梨,滞销
49,冰红茶（罐）,滞销
50,加多宝,滞销
51,可乐可乐,滞销
52,可乐（500ml）,滞销
53,可口可乐330ml,正常
54,可口可乐330ml（罐）,滞销
55,可口可乐最新款,畅销
56,可口可乐（500ml）,畅销
57,商品1,滞销
58,商品2,滞销
59,安慕希酸奶,滞销
60,小茗同学冷泡茶（乳酸菌味）,滞销
61,尖叫,滞销
62,康师傅矿泉水,滞销
63,怡宝,滞销
64,怡宝矿泉水,滞销
65,怡宝纯净水,畅销
66,旺仔牛奶,滞销
67,旺仔牛奶145ml,滞销
68,果粒橙,畅销
69,椰树牌椰汁,滞销
70,燕塘原味酸奶,滞销
71,燕塘甜牛奶,滞销
72,燕塘红枣牛奶,滞销
73,王老吉（500ml）,畅销
74,王老吉（罐）,畅销
75,百事可乐330ml,滞销
76,百事可乐500ml,滞销
77,益力多100g*5瓶,滞销
78,红牛,畅销
79,经典奶茶,滞销
80,统一冰红茶,畅销
81,统一绿茶,畅销
82,统一阿萨姆奶茶,滞销
83,维他原味豆奶,滞销
84,维他奶,正常
85,维他奶（巧克力味）,滞销
86,维他柠檬茶,正常
87,美年达（罐）,畅销
88,美汁源果粒橙,滞销
89,脉动,畅销
90,脉动（椰子菠萝口味）,滞销
91,脉动（青柠）,滞销
92,芦荟汁,滞销
93,芬达330ml,滞销
94,茉莉蜜茶,滞销
95,营养快线,畅销
96,银鹭八宝粥,畅销
97,阿萨姆奶茶,畅销
98,阿萨姆煎茶奶绿,滞销
99,雀巢咖啡,滞销
100,雪力矿泉水,滞销
101,雪碧,滞销
102,雪碧330ml,滞销
103,雪碧最新款,畅销
104,雪碧（500ml）,畅销
