﻿,商品,标签
0,100g*5瓶益力多,滞销
1,13g雀巢咖啡1+2特浓,滞销
2,145ml旺仔牛奶盒装,畅销
3,145ml旺仔牛奶罐装,滞销
4,150g健能酸奶原味,滞销
5,180ml雀巢咖啡罐装,滞销
6,205g伊利安慕希原味,正常
7,205ml安慕希蓝莓味,滞销
8,250ML东鹏特饮,滞销
9,250ml燕塘原味酸奶,畅销
10,250ml燕塘甜牛奶,畅销
11,250ml燕塘红枣牛奶,畅销
12,250ml王老吉盒装,滞销
13,250ml红牛,畅销
14,250ml统一麦香奶茶,滞销
15,250ml维他原味豆奶,畅销
16,250ml维他奶低糖原味,滞销
17,250ml维他奶巧克力味,正常
18,250ml维他奶黑豆奶饮品,滞销
19,250ml维他柠檬茶,畅销
20,250ml维他椰子味豆奶7716,滞销
21,250ml维他椰子植物蛋白饮料,滞销
22,250ml维他椰子植物蛋白饮料9374,滞销
23,250ml香满楼纯牛奶,滞销
24,268ml雀巢咖啡丝滑拿铁,畅销
25,330ml伊利畅意乳酸菌原味,正常
26,330ml伊利畅意乳酸菌草莓味,滞销
27,450ml美汁源果粒橙,正常
28,480ml小茗同学冷泡溜溜哒茶,滞销
29,480ml小茗同学冷泡青柠红茶,滞销
30,500ML宝矿力,滞销
31,500ml农夫果园 (芒果+菠萝+番石榴),滞销
32,500ml加多宝,正常
33,500ml康师傅冰糖雪梨,滞销
34,500ml恒大冰泉矿泉水,滞销
35,500ml统一冰糖雪梨,滞销
36,500ml统一阿萨姆奶茶,畅销
37,500ml营养快线原味,滞销
38,600ml可口可乐,正常
39,600ml脉动青柠,滞销
40,600ml雪碧,正常
41,80g香飘飘椰果奶茶原味,滞销
42,80g香飘飘椰果奶茶麦香味,滞销
43,东鹏特饮,畅销
44,乐虎,滞销
45,乐虎（380ml）,滞销
46,伊利优酸乳,畅销
47,伊利纯牛奶,畅销
48,优益C活菌型乳酸菌饮品,滞销
49,健能酸奶,滞销
50,农夫果园,滞销
51,冰糖雪梨,正常
52,冰红茶（罐）,滞销
53,加多宝,滞销
54,可乐可乐,滞销
55,可口可乐330ml,畅销
56,可口可乐330ml（罐）,滞销
57,可口可乐最新款,畅销
58,可口可乐（500ml）,正常
59,商品14,滞销
60,商品2,滞销
61,天地一号,滞销
62,娃哈哈红枣酸奶,滞销
63,安慕希酸奶,滞销
64,小茗同学,滞销
65,小茗同学冷泡茶（乳酸菌味）,滞销
66,小茗同学（青柠红茶）,滞销
67,尖叫,滞销
68,康师傅矿泉水,滞销
69,怡宝,畅销
70,怡宝矿泉水,滞销
71,怡宝纯净水,畅销
72,拿铁咖啡（统一）,滞销
73,旺仔牛奶,滞销
74,旺仔牛奶145ml,滞销
75,果粒橙,畅销
76,椰树牌椰汁,滞销
77,燕塘原味酸奶,滞销
78,燕塘甜牛奶,滞销
79,燕塘红枣牛奶,滞销
80,王老吉（500ml）,畅销
81,王老吉（罐）,畅销
82,珠江纯生啤酒,滞销
83,百事可乐330ml,滞销
84,百事可乐500ml,滞销
85,益力多100g*5瓶,滞销
86,红牛,畅销
87,统一冰红茶,畅销
88,统一绿茶,畅销
89,统一阿萨姆奶茶,滞销
90,维他原味豆奶,滞销
91,维他奶,畅销
92,维他奶黑豆奶饮品,滞销
93,维他奶（巧克力味）,滞销
94,维他柠檬茶,畅销
95,维他柠檬茶330ml（罐）,滞销
96,美年达（罐）,滞销
97,美汁源果粒橙,滞销
98,脉动,畅销
99,脉动（椰子菠萝口味）,滞销
100,脉动（青柠）,滞销
101,芦荟汁,滞销
102,芬达330ml,畅销
103,茉莉蜜茶,正常
104,营养快线,畅销
105,银鹭八宝粥,畅销
106,阿萨姆奶茶,畅销
107,阿萨姆煎茶奶绿,畅销
108,雀巢咖啡,滞销
109,雪力矿泉水,滞销
110,雪碧,滞销
111,雪碧330ml,正常
112,雪碧最新款,畅销
113,雪碧（500ml）,畅销
